"Comment","Designator","Footprint","JLCPCB Part #"
"GCM155R71H104KE02D","C101, C103, C107, C109, C407, C412, C601, C604, C606, C902, C903, C904, C1213, C1503, C1504","BR_Passives:C_0402_1005Metric-minimized","C85858"
"GRM21BD72A225KE01L","C102, C106, C803, C804, C805, C1507, C1508, C1509, C1510","BR_Passives:C_0805_2012Metric-minimized","C2981733"
"GRM033R61E104KE14J","C104, C113, C201, C304, C306, C309, C311, C312, C314, C315, C317, C318, C319, C320, C321, C322, C323, C324, C325, C704, C707, C708, C1001, C1002, C1008, C1204, C1402","BR_Passives:C_0201_0603Metric-minimized","C76939"
"GRM32EC72A106KE05L","C105, C1202, C1211, C1212","BR_Passives:C_1210_3225Metric","C576517"
"HMK107C7224KAHTE","C108, C110","BR_Passives:C_0603_1608Metric-minimized","C2169715"
"CC0805KKX7R0BB474","C111, C112","BR_Passives:C_0805_2012Metric-minimized","C596323"
"GRM155R61H105KE05D","C114, C1206","BR_Passives:C_0402_1005Metric-minimized","C1518208"
"GRM188D71A106KA73D","C115, C812, C813","BR_Passives:C_0603_1608Metric-minimized","C385037"
"CC0805MKX5R8BB226","C202","BR_Passives:C_0805_2012Metric-minimized","C784585"
"CL05A106MP5NUNC","C301, C303, C313, C701, C711, C1101, C1102, C1303","BR_Passives:C_0402_1005Metric-minimized","C315248"
"GRM0335C1H6R0BA01D","C302, C307","BR_Passives:C_0201_0603Metric-minimized","C161434"
"GRM035R60J475ME15D","C305, C308, C310","BR_Passives:C_0201_0603Metric-minimized","C335103"
"GRM0335C1E101JA01D","C316","BR_Passives:C_0201_0603Metric-minimized","C76917"
"GRM155R62A104ME14D","C401, C810, C1003, C1004, C1006, C1007","BR_Passives:C_0402_1005Metric-minimized","C162178"
"CC0402JRNPO9BN201","C402","BR_Passives:C_0402_1005Metric","C325462"
"GRM155Z71A105KE01D","C403, C411, C703, C709, C710, C901, C1501, C1506, C1606","BR_Passives:C_0402_1005Metric-minimized","C528974"
"GRM155R71H473KE14D","C404","BR_Passives:C_0402_1005Metric-minimized","C117757"
"CC0402KRX7R9BB153","C405, C406","BR_Passives:C_0402_1005Metric-minimized","C114405"
"CC0402BRNPO9BN3R9","C408, C409","BR_Passives:C_0402_1005Metric","C505474"
"GRM033R61C105ME15D","C410","BR_Passives:C_0201_0603Metric-minimized","C335102"
"GRM155D71A475ME15J","C602, C603, C806, C1214","BR_Passives:C_0402_1005Metric-minimized","C20044522"
"0402B334K160NT","C605, C1401","BR_Passives:C_0402_1005Metric-minimized","C301942"
"CC1206KKX7RDBB102","C702, C712","BR_Passives:C_1206_3216Metric-minimized","C23631"
"GRM033R71E103KE14D","C705, C706","BR_Passives:C_0201_0603Metric-minimized","C85930"
"GRM21BC72A105KE01L","C807","BR_Passives:C_0805_2012Metric-minimized","C385039"
"GRM155Z71A225KE01D","C808, C1301, C1601, C1607","BR_Passives:C_0402_1005Metric-minimized","C2997286"
"GCJ188R72A104KA01D","C809, C1209, C1210, C1502, C1505","BR_Passives:C_0603_1608Metric-minimized","C161117"
"GRM155R72A472KA01D","C811","BR_Passives:C_0402_1005Metric","C415704"
"GRM31CC72A475KE11L","C1005","BR_Passives:C_1206_3216Metric-minimized","C237304"
"CC0402KRX7R9BB103","C1201, C1602, C1603","BR_Passives:C_0402_1005Metric-minimized","C60133"
"GRM155R71C474KE01D","C1203","BR_Passives:C_0402_1005Metric-minimized","C471404"
"GRM155R71H223KA12D","C1205, C1605","BR_Passives:C_0402_1005Metric","C77023"
"GRT188R61C106KE13J","C1207","BR_Passives:C_0603_1608Metric-minimized","C962136"
"VMML1652A221MV","C1208, C1215, C1216, C1217, C1218, C1219","BR_Passives:C_Elec_12.5x12.5","C487184"
"CC0402JRNPO9BN331","C1302","BR_Passives:C_0402_1005Metric","C107006"
"TCC0402X7R224K250AT","C1604","BR_Passives:C_0402_1005Metric-minimized","C915854"
"MM3Z10VT1G","D101","BR_Discretes:D_SOD-323","C894520"
"ORH-G36G","D301","BR_Optoelectronics:LED_0603_1608Metric","C286781"
"RB520S30T5G","D401, D402, D403, D404","BR_Discretes:D_SOD-523","C511880"
"LTST-C191KGKT","D801, D1101","BR_Optoelectronics:LED_0603_1608Metric","C125098"
"BAS20HT1G","D1201","BR_Discretes:D_SOD-323","C152543"
"PMEG3010AESBYL","D1301","BR_Discretes:D_SOD-993-minimized","C28646369"
"KF128-2.54-2P","J101","BR_Connectors:KF128-2.54-2P","C474920"
"2328702-6","J102","BR_Connectors_FFC_FPC:TE_2328702-6_1x06-1MP_P0.5mm_Horizontal","C3151647"
"RC01812","J103","BR_Connectors:RJ45-TH_RC01812","C708645"
"IPCP254M20PB28S","J104, J501, J502, J901","BR_Connectors:HDR-SMD_20P-P2.54-V-M-R2-C10-S7.5","C6332235"
"SM04B-GHS-TB","J105, J112","BR_Connectors_JST:SM04B-GHS-TB","C189895"
"SM02B-GHS-TB","J106","BR_Connectors_JST:SM02B-GHS-TB","C189893"
"PZ254V-11-02P","J107, J108, J109, J110, J301, J302, J401, J407","BR_Connectors:PinHeader_1x02_P2.54mm_Vertical","C492401"
"SM02B-PASS-TBT","J111","BR_Connector_JST_misc:SM02B-PASS-TBT","C265417"
"IPCP254M06PB28S","J402","BR_Connectors:PinHeader_2x03_P2.54mm_Vertical_SMD","C22438447"
"MF254V-11-02-0743","J403, J404, J405, J406, J601, J1001","BR_Connectors:PinHeader_1x02_P2.54mm_Vertical","C2889984"
"LMSC20120652R2MTA","L301","BR_Inductors:LMSC20120652R2MTA","C46527037"
"XR1265-100M","L801","BR_Inductors:XR1265-100M","C5339467"
"NRS4018T2R2MDGJV","L1101","BR_Inductors:L_Taiyo-Yuden_NR-4018","C2041550"
"FC-SE2918-100M-28A","L1201","BR_Inductors:FC-SE2918-100M-28A","C3037600"
"AWP 252012FW-4R7M","L1301","BR_Inductors:L_1008_2520Metric","C17225812"
"DMP6023LSS-13","Q101","BR_SO:SO-8_3.9x4.9mm_P1.27mm","C154911"
"SQJ974EP-T1_GE3","Q1201","BR_SOP:PowerPAK_SO-8_Dual","C727845"
"CR0402-J/-000GLF","R1, R2, R3","BR_Passives:R_0402_1005Metric","C203078"
"RC0402FR-071KL","R101, R102, R409, R410, R411, R412","BR_Passives:C_0402_1005Metric-minimized","C106235"
"RC0201FR-0747KL","R103, R201","BR_Passives:R_0201_0603Metric-minimized","C138139"
"RC0201FR-0710KL","R104, R111, R112, R302, R1003, R1006, R1102","BR_Passives:R_0201_0603Metric-minimized","C106225"
"RC0402FR-07100KL","R105, R106, R107, R108, R109, R110, R601, R803","BR_Passives:C_0402_1005Metric-minimized","C60491"
"RC0402FR-071RL","R113","BR_Passives:C_0402_1005Metric-minimized","C185446"
"RC0201FR-073KL","R202, R303","BR_Passives:R_0201_0603Metric-minimized","C142016"
"RC0402FR-072R2L","R203, R805, R806, R1502, R1503, R1504, R1505","BR_Passives:R_0402_1005Metric-minimized","C327251"
"AC0402FR-0710RL","R301","BR_Passives:R_0402_1005Metric-minimized","C144805"
"AC0402FR-0710KL","R304, R305, R802, R1207, R1604","BR_Passives:C_0402_1005Metric-minimized","C144807"
"0201WMF1000TEE","R401, R402, R403","BR_Passives:C_0201_0603Metric-minimized","C270366"
"RC0402FR-07470RL","R404, R405","BR_Passives:C_0402_1005Metric-minimized","C114877"
"RC0402FR-0775RL","R406, R407, R703, R704","BR_Passives:C_0402_1005Metric-minimized","C114757"
"TLRZ1JTTD","R408, R1601, R1602","BR_Passives:R_0603_1608Metric","C782253"
"RC0402FR-072KL","R413, R414, R502","BR_Passives:C_0402_1005Metric-minimized","C60488"
"RC0201FR-0720KL","R501","BR_Passives:R_0201_0603Metric-minimized","C295787"
"RC0402FR-072K49L","R701, R702, R708, R709, R710, R711","BR_Passives:C_0402_1005Metric-minimized","C145071"
"RC0402FR-076K49L","R705","BR_Passives:C_0402_1005Metric-minimized","C364360"
"RC0402FR-0730KL","R706","BR_Passives:C_0402_1005Metric-minimized","C138008"
"AC0402FR-071ML","R707","BR_Passives:C_0402_1005Metric-minimized","C144787"
"RC0402FR-0720KL","R801","BR_Passives:C_0402_1005Metric-minimized","C93942"
"RC0402FR-0751KL","R804, R1301","BR_Passives:C_0402_1005Metric-minimized","C107229"
"RC0402FR-072K2L","R807, R1203","BR_Passives:R_0402_1005Metric-minimized","C114762"
"RC0402FR-0724K9L","R808, R1208","BR_Passives:C_0402_1005Metric-minimized","C138027"
"RC0402FR-074K99L","R809","BR_Passives:C_0402_1005Metric-minimized","C137965"
"RC0402FR-07681RL","R810","BR_Passives:C_0402_1005Metric-minimized","C245891"
"RC0402FR-073KL","R811","BR_Passives:C_0402_1005Metric-minimized","C137987"
"RC0201FR-071ML","R1001, R1002, R1004, R1005","BR_Passives:R_0201_0603Metric-minimized","C295786"
"RC0201FR-07100KL","R1007, R1008, R1009, R1010","BR_Passives:R_0201_0603Metric-minimized","C106224"
"RC0402FR-07200RL","R1011","BR_Passives:C_0402_1005Metric-minimized","C114764"
"VGF39NCHXT-B503","R1012","BR_Passives:RES-ADJ-SMD_3P-L3.8-W3.7_VGF39NCHXT","C22461637"
"FRC1210F1001TS","R1013, R1014","BR_Passives:C_1210_3225Metric-minimized","C2960861"
"RL0805FR-7W0R01L","R1015","BR_Passives:R_0805_2012Metric","C326784"
"RC0402FR-0745K3L","R1101","BR_Passives:C_0402_1005Metric-minimized","C137977"
"RC0402FR-071K3L","R1103","BR_Passives:C_0402_1005Metric-minimized","C185455"
"RC0201FR-071KL","R1201","BR_Passives:R_0201_0603Metric-minimized","C138165"
"RC0402FR-0768K1L","R1202","BR_Passives:C_0402_1005Metric-minimized","C276276"
"RC0402FR-0775KL","R1204","BR_Passives:R_0402_1005Metric-minimized","C137935"
"PA2512FKE7W0R003E","R1205","BR_Passives:R_2512_6332Metric","C728307"
"RC0402FR-07137KL","R1206","BR_Passives:C_0402_1005Metric-minimized","C138058"
"RC0402FR-0713K3L","R1302","BR_Passives:C_0402_1005Metric-minimized","C274352"
"RC0402FR-0762KL","R1303","BR_Passives:C_0402_1005Metric-minimized","C137950"
"RC0402FR-07330KL","R1603","BR_Passives:C_0402_1005Metric-minimized","C138006"
"B65655B0010X000","T101","BR_Inductors:B65655B0010X000","C26205960"
"HR641680E","T701","BR_Inductors:H1102FNL","C189555"
"NCP03XH103F05RL","TH101","BR_Passives:R_0201_0603Metric-minimized","C98098"
"RH-5000","TP101, TP102, TP103, TP104, TP401, TP402, TP501, TP502, TP505, TP601, TP801, TP802, TP1001, TP1002, TP1003, TP1004, TP1101, TP1102, TP1201, TP1202, TP1301, TP1302, TP1401, TP1402, TP1501, TP1502","BR_Connectors:TEST-TH_BD2.54-P1.4_RED","C5277086"
"LIS2DH12TR","U101","BR_IC:LGA-12_2x2mm_P1mm","C110926"
"STM32H563AII3Q","U301","BR_IC:UFBGA-169_7x7mm_Layout13x13_P0.5mm-minimized","C28992049"
"MD0100DK6-G","U401","BR_IC:DFN-8-1EP_4x4mm_P1.0mm_EP1.45x3.4mm","C623929"
"OPA1612AIDR","U402","BR_SO:SOIC-8_3.9x4.9mm_P1.27mm","C94590"
"AD8338ACPZ-R7","U403","BR_IC:LFCSP-16-1EP_3x3mm_P0.5mm_EP1.6x1.6mm","C578701"
"WS72552M-8/TR","U404","BR_SOP:MSOP-8_3x3mm_P0.65mm","C717866"
"DAC53401DSGR","U601, U602, U1202","BR_SON:WSON-8-1EP_2x2mm_P0.5mm_EP0.9x1.6mm","C1855756"
"74LVC1G66GW,125","U603","BR_SOT:SOT-353_SC-70-5","C97489"
"DP83825IRMQR","U701","BR_IC:WQFN-24-3x3x0.8mm-DRV8311","C783599"
"MIC28517T-E/PHA","U801","BR_IC:QFN-32_x6mm_P0.65mm","C623943"
"S27KL0642DPBHB023","U901","BR_IC:BGA-24_6x8mm_Layout5x5_P1.0mm","C5157921"
"SL9062D","U1001","BR_SOT:SOT-23-8","C18208632"
"LT1794CFE#PBF","U1002","BR_SOP:TSSOP-20_FE_6.4x6.4mm_EP4.95x2.74mm","C665306"
"INA296A4IDDFR","U1003","BR_SOT:TSOT-23-8","C20345449"
"TLV62569DBVR","U1101","BR_SOT:SOT-23-5_mini","C141836"
"LM5122MHX/NOPB","U1201","BR_SOP:HTSSOP-20-1EP_4.4x6.5mm_P0.65mm_EP2.85x4mm","C77241"
"LM27313XMFX/NOPB","U1301","BR_SOT:SOT-23-5","C341750"
"MG78L05T3","U1401","BR_SOT:SOT-23","C22396244"
"EPC23104ENGRT","U1501, U1502","BR_Gate_Drivers:EPC23104","C5448592"
"DRV8426RGER","U1601","BR_IC:VQFN-24-1EP_4x4mm_P0.5mm_EP2.6x2.6mm-minimized","C1518727"
"NX2016SA-25MHZ-STD-CZS-2","X301","BR_Oscillators:Crystal_SMD_2016-4Pin_2.0x1.6mm","C843258"
